﻿Designator,Footprint,Quantity,Value,LCSC Part #
A1,RPi_Pico_SMD_TH,1,RaspberryPi_Pico,
"C1, C14, C17, C18, C2, C22, C28, C29, C4, C5, C8, C9",0603,12,100n,C14663 
"C10, C16, C19, C3, C7",0603,5,1u,
"C11, C12, C26, C30",0603,4,10u,
"C13, C15",0603,2,22p,
"C20, C21",0603,2,4u7,
"C23, C6",0603,2,2u2,
C24,0603,1,18p,
C25,0603,1,470n,
C27,0603,1,33p,
D1,0603,1,LED_Red,
D2,0603,1,LED_Orange,
D3,LED_D5.0mm_Horizontal_O6.35mm_Z9.0mm,1,LED,
"D4, D5",SOT-23,2,BAV99,
J1,240LCD,1,Conn_01x07,
J2,JST_PH_S2B-PH-SM4-TB_1x02-1MP_P2.00mm_Horizontal,1,Conn_01x02,
J3,Jack_3.5mm_PJ342_Horizontal,1,PJ-342,
J4,SMA_Samtec_SMA-J-P-H-ST-EM1_EdgeMount,1,Conn_Coaxial,
J5,PinHeader_1x02_P2.54mm_Horizontal,1,Conn_01x02,
"L1, L2",0603,2,Ferrite Bead,
L3,0603,1,180nH,
L4,0603,1,220uh,
L5,0603,1,4.7uH,
LS1,30mm_Speaker,1,Speaker,
Q1,SOT-23,1,AO3401A,
Q2,SOT-23,1,2N7002,
"R1, R2",0805,2,1,
"R10, R13, R14, R23, R24, R6, R7, R9",0603,8,10k,
"R11, R12",0603,2,4k7,
R15,0603,1,21k,
"R16, R22",0603,2,68k,
"R17, R18",0603,2,2k2,
R19,2512,1,100,
R20,0603,1,220,
R21,0603,1,100,
R3,0603,1,300,
"R4, R5",0603,2,220k,
R8,0603,1,1k,
"SW1, SW2, SW3, SW4, SW5, SW6",SW_Push_1P1T_NO_6x6mm_H9.5mm,6,B3FS,
SW7,SIQ-02FVS3_Rotary_Encoder,1,SIQ-02FVS3,
"SW8, SW9",SW_Slide_SPDT_Angled_CK_OS102011MA1Q,2,SW_SPDT,
U1,ATGM336,1,ATGM336,
U2,SOIC-8-1EP_3.9x4.9mm_P1.27mm_EP2.29x3mm,1,TP4056,
U3,SO-8_3.9x4.9mm_P1.27mm,1,TDA1308,
U4,LISM303,1,LISM303,
U5,SOT-23-5,1,LP5907MFX-3.3,
U6,SOIC-16_4.55x10.3mm_P1.27mm,1,Si4732-A10,
U7,SO-8_3.9x4.9mm_P1.27mm,1,MD8002,
U8,SOT-23-5,1,74LVC1G17,
Y1,Crystal_SMD_3215-2Pin_3.2x1.5mm,1,32.768KHz 3215,
